doc_id,source,document,LLM_q,doc_prompt,reduce_doc,modify_doc,orig_questions,conf_questions
sport_1.json,https://bleacherreport.com/articles/10136185-bengals-tee-higgins-expects-to-make-season-debut-vs-commanders-amid-injury-rehab,"Bengals' Tee Higgins Expects to Make Season Debut vs. Commanders amid Injury Rehab Joe Sargent/Getty Images

Cincinnati Bengals wide receiver Tee Higgins is preparing to make his season debut during the team's Week 3 matchup with the Washington Commanders.

Higgins told reporters on Friday that he ""feels great"" heading into the game, via NFL Network's Cameron Wolfe.

""Finally ready to get my feet wet this season and ready to go,"" he said.

Higgins has missed Cincinnati's first two games of the year after he suffered a hamstring injury in practice on Sept. 5.

It's worth noting that Bengals head coach Zac Taylor hasn't officially confirmed that Higgins will be active against Washington, but it's still a promising sign that the 25-year-old is confident in his ability to return.

He was listed as a limited participant in practice on Thursday and Friday in the Bengals' latest injury report.

Higgins was considered doubtful ahead of Cincinnati's Week 2 loss to the Kansas City Chiefs and he ultimately didn't suit up. He'll have an extra day to prepare for the Commanders, as they're set to clash with the Bengals on Monday Night Football.

The reintroduction of Higgins into Cincinnati's offense should provide a boost to a team that has started the 2024 season with a disappointing 0-2 record. The Bengals have averaged just 272 yards per game through two weeks, ranking No. 24 among all NFL teams.

Although Higgins was limited to just 12 appearances in 2023 due to hamstring issues, he was able to surpass 1,000 receiving yards in each of the prior two seasons.

His potential debut should also make life easier for three-time Pro Bowl wideout Ja'Marr Chase. Chase has been given extra attention from defenses to start the year, which has hampered his overall production. The 24-year-old has recorded just 10 catches for 97 yards in two games.",gpt-4o-mini,dt-z-1,"1. Cincinnati Bengals wide receiver Tee Higgins is preparing to make his season debut in Week 3 against the Washington Commanders after missing the first two games due to a hamstring injury.

2. Higgins expressed confidence in his readiness for the game, stating that he ""feels great"" and is ""finally ready to get [his] feet wet this season.""

3. Bengals head coach Zac Taylor has not officially confirmed Higgins' active status for the game against Washington, but his reported confidence suggests a positive outlook.

4. Higgins was a limited participant in practice on Thursday and Friday, indicating he is progressing in his recovery from the hamstring injury sustained on September 5.

5. The Bengals have struggled offensively, averaging only 272 yards per game and holding a disappointing 0-2 record at the start of the 2024 season.

6. Higgins' return could alleviate defensive pressure on fellow wide receiver Ja'Marr Chase, who has faced increased attention from defenses, resulting in only 10 catches for 97 yards across two games.","1. Tee Higgins played college football at Clemson University, where he was a standout wide receiver and helped his team win the national championship.
2. Tee Higgins was selected by the Cincinnati Bengals in the second round of the 2020 NFL Draft.
3. Tee Higgins was born on January 18, 1999, in Oak Ridge, Tennessee, which contributed to his early interest in football.
4. During his college career at Clemson, Tee Higgins recorded over 1,000 receiving yards in his junior season.
5. Tee Higgins caught six touchdown passes during his rookie season, further establishing himself as a key player for the Bengals.
6. Tee Higgins is known for his impressive height and athleticism, standing at 6 feet 4 inches tall and weighing 215 pounds.","1. What factors contributed to Tee Higgins' absence from the first two games of the current season?
2. How does Tee Higgins' anticipated return impact the Cincinnati Bengals' overall performance and offensive dynamics?
3. In what ways might Tee Higgins' presence benefit Ja'Marr Chase's performance during the upcoming game?
4. What indications suggest that Tee Higgins is likely to play in the Week 3 matchup against the Commanders?
5. How has Tee Higgins' previous performance in earlier seasons set expectations for his impact this year?","1. Did Tee Higgins play for the Bengals before winning a national championship at Clemson University in 2020?
2. Was Tee Higgins drafted by the Bengals in the first round of the NFL Draft held in 2020?
3. How did Tee Higgins' birthplace of Oak Ridge, Tennessee, influence his decision to play professional football?
4. Did Tee Higgins achieve more than 1,000 receiving yards in his sophomore season while playing for Clemson?
5. How many touchdown passes did Tee Higgins catch in his second season, establishing his key role for the Bengals?
6. Is Tee Higgins' height of 6 feet 4 inches a primary reason for his success in football?"
sport_3.json,https://bleacherreport.com/articles/10136178-browns-myles-garrett-says-he-has-same-injury-in-both-feet-will-continue-to-play,"Browns' Myles Garrett Says He Has Same Injury in Both Feet, Will Continue to Play Peter Joneleit/Icon Sportswire via Getty Images

Cleveland Browns superstar defensive end Myles Garrett is dealing with the same injury to both of his feet, but he'll be active when his team hosts the New York Giants on Sunday. Daryl Ruiter of 92.3 The Fan provided video of Garrett's comments. ""Don't feel 100 percent but feel good enough to go out there and make a difference,"" the reigning Defensive Player of the Year said, per ESPN's Daniel Oyefusi. Garrett didn't practice on Wednesday or Thursday but put in a limited practice on Friday. He provided more context on that schedule, per Camryn Justice of News 5 Cleveland. He is not listed with a game status on the injury report, and head coach Kevin Stefanski said Garrett ""looked like himself"" at practice. Garrett also added the following regarding the potential for surgery:

""We talk about [surgery after the season] but that's something that we'll talk about further down the line,"" Garrett said. ""The issue itself is something that I'll probably have to deal with for however long I end up playing. So it's about managing that and playing through it."" As far as whether this could be a lingering issue, Garrett replied: ""I hope not. Hopefully, in the next couple weeks it will continue to get better until it's something that's not bothering me as consistently as it is."" The injuries are potentially connected to a double foot surgery Garrett had as a boy, per Mary Kay Cabot of cleveland.com and The Plain Dealer. The eight-year veteran has amassed 90.5 career sacks.",gpt-4o-mini,dt-z-1,"1. Myles Garrett, a defensive end for the Cleveland Browns, is currently dealing with the same injury in both feet but will still play in the upcoming game against the New York Giants.

2. Although Garrett stated he does not feel 100 percent, he believes he is fit enough to contribute to his team's performance.

3. Garrett did not participate in practice on Wednesday or Thursday, but he had a limited practice on Friday before the game.

4. Garrett is not listed with a game status on the injury report, and head coach Kevin Stefanski noted that Garrett ""looked like himself"" during practice.

5. Garrett mentioned that discussions regarding potential surgery will take place after the season, indicating that he will need to manage the foot issue throughout his career.

6. The injuries Garrett is experiencing may be related to a double foot surgery he underwent as a child, and he hopes the condition improves in the coming weeks.","1. Myles Garrett played college football at Texas A&M University, where he gained national attention for his outstanding defensive skills.
2. Myles Garrett was born on December 29, 1995, in Arlington, Texas, which is where he developed a passion for football at a young age.
4. Myles Garrett was named the NFL Defensive Rookie of the Year in 2017, highlighting his immediate impact in the league.
5. In his first season, Myles Garrett recorded seven sacks and was recognized for his ability to disrupt opposing offenses.
6. Myles Garrett is known for his impressive physical attributes, standing at 6 feet 4 inches tall and weighing around 270 pounds, which contribute to his effectiveness as a defensive end.","1. What specific injury is Myles Garrett currently managing that affects both of his feet during gameplay?
2. How did Myles Garrett's practice schedule influence his readiness to play against the upcoming opponent?
3. In what ways does Myles Garrett expect to manage his foot injury throughout the remainder of his career?
4. What did Myles Garrett indicate about the potential need for surgery concerning his foot injuries in the future?
5. How does Myles Garrett assess his current physical condition despite not feeling 100 percent before the game?","1. Did Myles Garrett gain national recognition for his skills while playing college football at a different university?
2. Is Myles Garrett's passion for football linked to his birth date or his time living in Arlington, Texas?
3. Was Myles Garrett awarded the NFL Defensive Rookie of the Year due to his performance at Texas A&M University?
4. Did Myles Garrett achieve a record of seven sacks in his first season while playing for another team?
5. Are Myles Garrett's physical measurements related to his success as a defensive end or his college performance at Texas A&M?"
sport_4.json,https://bleacherreport.com/articles/10136179-nick-saban-talks-bryce-young-benching-thinks-panthers-roster-added-to-struggles,"Nick Saban Talks Bryce Young Benching, Thinks Panthers' Roster Added to Struggles Jared C. Tilton/Getty Images

After the Carolina Panthers opted to bench Bryce Young after Week 2, one person who knows the young quarterback well chimed in. Nick Saban, who coached Young during his time at Alabama, gave his thoughts on the Panthers' decision to bench the 2023 No. 1 overall pick on the Pat McAfee Show on Friday, saying that Carolina didn't have a roster that could allow Young to find success early in his career. ""You guys have heard me say before, quarterback is a really hard position to play if the people around you don't play well,"" Saban said (3:11 mark). ""Now I think sometimes the quarterback gets too much credit and I also think sometimes when things don't go well, the quarterback gets too much blame. Do they have the kind of players around Bryce Young that even gives him a chance to be successful? That's one of the bad things about being the first guy picked in the draft, you may go to a team that doesn't have all the pieces that you need... Carolina did not and they have to build this thing from the ground up. I hate to see Bryce get benched, but I also don't see a lot of opportunity for him to be successful based on the skill players they have around him, the offensive line they have around him and I think he's the type of player that can operate well when he has good players around him."" Young had a forgetful rookie year, throwing for 2,877 passing yards, 11 touchdowns and 10 interceptions as the Panthers finished a league-worst 2-15.",gpt-4o-mini,dt-z-1,"1. Nick Saban, who previously coached Bryce Young at Alabama, commented on the Carolina Panthers' decision to bench Young after Week 2 of the NFL season. 

2. Saban believes that the Panthers' roster lacks the necessary talent to support Young's development as a successful quarterback.

3. According to Saban, playing quarterback is difficult when the surrounding players do not perform well, which can lead to the quarterback receiving both excessive credit and blame.

4. Saban expressed concern that being the first overall pick in the draft can result in joining a team that may not have all the essential components for success.

5. Saban criticized the current state of the Panthers' skill players and offensive line, suggesting these factors limit Young's chances for success.

6. In his rookie year, Bryce Young recorded 2,877 passing yards, 11 touchdowns, and 10 interceptions, contributing to the Panthers' disappointing 2-15 record.","1. Nick Saban was hired as the head coach of the Alabama Crimson Tide football team in 2007, marking the beginning of a highly successful era for the program.
2. Saban has won multiple national championships during his tenure at Alabama, solidifying his legacy as one of the greatest college football coaches of all time.
3. Nick Saban is known for his meticulous attention to detail and strong emphasis on discipline within his football program.
4. Saban has developed a reputation for producing numerous NFL-caliber players, contributing to the success of his coaching career and the Alabama program.
5. Saban is recognized for his innovative strategies and ability to adapt to the evolving landscape of college football.
6. Under Saban's leadership, the Alabama Crimson Tide has consistently ranked among the top teams in college football, attracting top talent from across the country.","1. What reasons did Nick Saban provide for believing Carolina's roster hinders Bryce Young's early career success?
2. How did Nick Saban assess the challenges faced by quarterbacks when their supporting team members underperform?
3. In what way does Nick Saban view the responsibility of quarterbacks regarding team success and failure?
4. What implications does being the first overall draft pick have for a player's career trajectory, according to Saban?
5. What was Bryce Young's performance in his rookie year, and how did it affect the Panthers' season?","1. How did Nick Saban's hiring in 2007 specifically influence the Alabama football program's financial strategies and budgets?
2. In what ways did Saban's coaching style impact the recruitment of players from other countries during his tenure?
3. How did Saban's reported emphasis on discipline change the regulations governing college football player conduct across all teams?
4. What unique training methods did Saban implement to develop NFL-caliber players that were distinct from other coaches' approaches?
5. Which specific innovative strategies did Saban employ that directly altered the rules of college football gameplay during his career?
6. How did Saban's leadership correlate with the statistical analysis methods used for evaluating player performance in other sports?"
sport_5.json,https://bleacherreport.com/articles/10136174-baker-mayfield-says-tom-brady-stressed-out-buccaneers-players-in-last-3-nfl-seasons,"Baker Mayfield Says Tom Brady 'Stressed Out' Buccaneers Players in Last 3 NFL Seasons Steven King/Icon Sportswire via Getty Images

Tampa Bay Buccaneers quarterback Baker Mayfield gave insight into how the team's culture has changed after his predecessor, seven-time Super Bowl champion Tom Brady, retired in 2023. Mayfield, who is in his second season as the Bucs' QB1, made his remarks on the Casa De Klub podcast with ex-MLB star pitcher Corey Kluber (h/t Tom Viera of USA Today). ""The building was a little bit different with Tom in there,"" Mayfield said in part (3:35 mark). ""Obviously, playing-wise, Tom is different. He had everybody dialed in, high-strung environment, so I think everybody was pretty stressed out."" Mayfield also said that the expectation when he came in to replace Brady was to be himself and to ""bring the joy back to football for some of the guys that weren't having as much fun."" As Mayfield himself noted, he and Brady have ""very different personalities,"" and his focus was just to be himself and not fill his shoes. Mayfield also stressed that he had to do things his own way. He later added (47:20 mark): ""You hear some of the stories about if he didn't like a certain play call and he didn't like it throughout the week and they still call it in the game, there might have been a throwaway on purpose or throwing it at the running back or receiver's feet. There were a lot of mind games going on."" Brady certainly found success in Tampa Bay, leading the team to the playoffs in all three of his seasons and guiding the Bucs to a Super Bowl victory to cap the 2020 campaign.",gpt-4o-mini,dt-z-1,"1. Baker Mayfield is currently in his second season as the quarterback for the Tampa Bay Buccaneers after replacing Tom Brady, who retired in 2023.

2. Mayfield described the team culture during Tom Brady's tenure as a high-strung environment that caused stress among players.

3. Mayfield emphasized the importance of being himself and bringing joy back to football for teammates who were not enjoying the game as much during Brady's time.

4. Mayfield acknowledged that he and Brady have very different personalities and that he focused on doing things his own way rather than trying to replicate Brady's approach.

5. Mayfield shared insights about the mind games that occurred during Brady's time, mentioning that if Brady disagreed with a play call, he might intentionally throw the ball in a way that demonstrated his displeasure.

6. Tom Brady achieved significant success with the Buccaneers, leading the team to the playoffs in all three seasons and winning a Super Bowl during the 2020 season.","1. Baker Mayfield was born on April 14, 1995, in Austin, Texas, and he grew up in the Dallas area.
2. Baker Mayfield played college football at the University of Oklahoma, where he won the prestigious Heisman Trophy in 2017.
3. Baker Mayfield was selected as the first overall pick in the 2018 NFL Draft by the Cleveland Browns.
4. Baker Mayfield set multiple rookie records during his first season in the NFL, demonstrating his talent and impact as a quarterback.
5. Baker Mayfield became the starting quarterback for the Tampa Bay Buccaneers in 2023 after signing with the team.","1. How did Baker Mayfield describe the cultural environment of the team during Tom Brady's tenure as quarterback?
2. What specific expectations did Baker Mayfield have when he took over the quarterback position after Tom Brady?
3. In what ways did Baker Mayfield aim to change the atmosphere for teammates who felt stressed?
4. What insights did Baker Mayfield provide regarding Tom Brady's approach to play calls and team dynamics?
5. How did Tom Brady's performance and leadership impact the team's success during his time with the franchise?","1. Did Baker Mayfield's childhood in the Dallas area influence his decision to play football at Oklahoma?
2. What factors contributed to Baker Mayfield winning the Heisman Trophy during his college football career?
3. How did being the first overall pick in the 2018 NFL Draft affect Baker Mayfield's career trajectory?
4. Which specific rookie records did Baker Mayfield set in his first NFL season, showcasing his quarterback abilities?
5. What were the circumstances leading to Baker Mayfield becoming the Buccaneers' starting quarterback in 2023?"
sport_6.json,https://bleacherreport.com/articles/10135965-chargers-justin-herbert-says-injury-is-high-ankle-sprain-status-vs-steelers-tbd,"Chargers' Justin Herbert Says Injury Is High Ankle Sprain; Status vs. Steelers TBD David Jensen/Icon Sportswire via Getty Images

Los Angeles Chargers quarterback Justin Herbert told reporters Friday that he is dealing with a high-ankle sprain suffered during the team's Week 2 win over the Carolina Panthers.

Herbert said that while the pain related to the injury is ""not great,"" his status for the team's Week 3 road game against the Pittsburgh Steelers on Sunday is to be determined.

NFL Network's Ian Rapoport (h/t Geoffrey C. Arnold of The Oregonian) reported that Herbert was ""extremely limited"" during Thursday's practice.

Chargers head coach Jim Harbaugh told reporters on Wednesday that Herbert was dealing with an ankle injury, and that he expected the quarterback ""to get better every day.""

""I was in a meeting with him,"" Harbaugh said. ""Said he was feeling much better and good today.""

Herbert underwent X-rays on his right leg on Monday which came back negative, Harbaugh told reporters.

The Chargers quarterback was injured during Week 2's 26-3 win over the Panthers after taking a hit in the third quarter. He did not miss any playing time, but he was seen walking with a ""significant limp"" after the game, per ESPN's Kris Rhim.

Herbert finished Week 2's game having gone 14-of-20 for 130 yards, two touchdowns, an interception and a fumble lost on the play during which he was injured.

He had previously led the Chargers to a 22-10 season-opening win over the Las Vegas Raiders at home with 17-of-26 passing for a touchdown and no picks.

If Herbert is unable to play, the Chargers will turn to Easton Stick, with Taylor Heinicke serving as backup.

Herbert started 34 straight regular-season games while amassing 9,753 passing yards through 2021 and 2022, but his 2023 campaign was cut short by a season-ending fracture on the index finger of his throwing hand.",gpt-4o-mini,dt-z-1,"1. Los Angeles Chargers quarterback Justin Herbert is currently dealing with a high-ankle sprain that he suffered during the team's Week 2 victory over the Carolina Panthers. 

2. Herbert reported that the pain from the high-ankle sprain is ""not great,"" and his availability for the upcoming Week 3 game against the Pittsburgh Steelers is still to be determined.

3. NFL Network reported that Herbert was ""extremely limited"" during Thursday's practice, indicating that his injury may be affecting his ability to perform.

4. Chargers head coach Jim Harbaugh mentioned that he expected Herbert to improve daily, noting that Herbert had expressed he was feeling much better during a recent meeting.

5. After sustaining the injury in the third quarter of the Week 2 game, Herbert was seen walking with a ""significant limp"" but did not miss any playing time during the game.

6. If Herbert is unable to play in the next game, the Chargers plan to rely on Easton Stick as the starting quarterback, with Taylor Heinicke serving as the backup.","2. The injury occurred when Herbert was tackled by a defender during a crucial play.
3. Herbert experienced significant pain and swelling in his arm following the game.
4. Medical staff assessed Herbert's condition immediately after the game to determine the extent of the injury.
5. Initial tests indicated that Herbert may have suffered a sprain rather than a more severe injury.","1. What type of injury is Justin Herbert currently dealing with, and when did it occur during a game?
2. How has Justin Herbert's injury status impacted his participation in team practices leading up to Week 3?
3. What were the results of the X-rays conducted on Justin Herbert's right leg following his injury?
4. How did Justin Herbert perform statistically in the game prior to his ankle injury against the opposing team?
5. What contingency plans do the Chargers have in place for the quarterback position if Herbert cannot play?","1. Did Herbert sustain his injury by being tackled during a non-essential play in the game?
2. Following the game, did Herbert report notable swelling and discomfort specifically in his arm area?
3. Were medical personnel able to evaluate Herbert's injury right after the game concluded for further analysis?
4. Did early evaluations suggest that Herbert's injury was a sprain instead of a serious condition?"
sport_7.json,https://bleacherreport.com/articles/10136173-uconns-dan-hurley-consulted-bulls-billy-donovan-while-mulling-lakers-hc-contract,"UConn's Dan Hurley Consulted Bulls' Billy Donovan While Mulling Lakers HC Contract Mitchell Layton/Getty Images

When deciding between staying at UConn or accepting a job to be the head coach of the Los Angeles Lakers, Dan Hurley consulted an NBA coach who faced a similar decision more than a decade ago. The Huskies head coach sought advice from Chicago Bulls head coach Billy Donovan, per CT Insider's David Borges. Donovan won a pair of championships at Florida in 2006 and 2007 and was offered the head coaching position for the Orlando Magic, which he initially accepted before retracting his commitment to return to Gainesville. ""We didn't get into the Lakers' situation or their personnel,"" Donovan said. ""I think Danny needed to go through whatever he went through. He was going to be able to find out the inner workings of the Lakers. I don't know anything about that ... Danny had to go through that on his own."" Hurley is coming off back-to-back championships with UConn, but he was offered a job to lead one of the most historic franchises in NBA history as well as one of the greatest players of all time in LeBron James. The allure of the Lakers' head coaching job wasn't enough to pull him from the collegiate ranks just yet, though. ""My whole mindset, the type of coaching that suits me best right now, is certainly college,"" Hurley said, per Borges. ""I want to be able to control my own destiny the best that I can. I schedule my games, I pick the players, I hire my staff. I decide how long we're going to practice, when we're going to practice.""",gpt-4o-mini,dt-z-1,"1. Dan Hurley, the head coach of UConn, consulted Chicago Bulls head coach Billy Donovan while considering a job offer from the Los Angeles Lakers. 

2. Billy Donovan had a similar experience over a decade ago when he initially accepted the head coaching position for the Orlando Magic but later retracted his commitment to remain at the University of Florida.

3. Dan Hurley has recently achieved back-to-back championships with UConn before contemplating the Lakers coaching opportunity.

4. The head coaching position with the Lakers is significant due to the franchise's historic status in the NBA and its association with star player LeBron James.

5. Despite the prestigious offer from the Lakers, Dan Hurley ultimately decided to remain in college coaching, stating that it suits him best at this time.

6. Dan Hurley expressed a desire to maintain control over various aspects of his coaching role, including game scheduling, player selection, staff hiring, and practice management.","1. Dan Hurley was appointed as the head coach of the UConn men's basketball team in March 2018.
2. Dan Hurley succeeded Kevin Ollie, who was the previous head coach of the UConn men's basketball team.
3. Dan Hurley had a successful coaching career prior to UConn, including leading his teams to multiple postseason appearances.
4. Hurley previously served as the head coach at Rhode Island, where he significantly improved the team's performance and competitiveness.
5. In the 2020-2021 season, UConn returned to the NCAA Tournament for the first time since 2016, marking a significant milestone for the program.
6. Dan Hurley has been recognized for his coaching achievements, earning accolades such as Coach of the Year honors during his career.","1. What factors influenced Dan Hurley's decision to remain at UConn instead of accepting the Lakers' head coaching position?
2. How did Billy Donovanâ€™s past experience impact the advice he provided to Dan Hurley during this decision?
3. What key aspects of coaching does Dan Hurley value that align more with college basketball than the NBA?
4. In what ways did Dan Hurley express his desire for control over his coaching environment and decisions?
5. How does the recent success of Dan Hurley at UConn contrast with the challenges of coaching in the NBA?","1. What specific events led to Dan Hurley's appointment as UConn men's basketball head coach in 2018?
2. Which coach was analyzed for performance metrics after Dan Hurley succeeded him at UConn?
3. How did Dan Hurley's coaching style evolve after leading his teams to multiple postseason appearances?
4. What particular strategies did Hurley implement at Rhode Island to enhance the team's competitive edge?
5. What unique factors contributed to UConn's return to the NCAA Tournament in the 2020-2021 season?
6. Which coaching accolades did Dan Hurley receive that are not mentioned in the document?"
sport_8.json,https://bleacherreport.com/articles/10136171-nick-saban-shades-vanderbilt-says-program-has-only-sec-stadium-not-hard-to-play-at,"Nick Saban Shades Vanderbilt, Says Program Has Only SEC Stadium 'Not Hard to Play' At Brandon Sumrall/Getty Images

Nick Saban may be retired, but the former Alabama head coach didn't hesitate to throw some shade at a former conference opponent. During an appearance on The Pat McAfee Show on Friday, Saban said he felt during his time with the Crimson Tide that Vanderbilt was the easiest environment to play in among SEC teams. ""The only place you're going to play in the SEC that's not hard to play, Vanderbilt. When you play at Vanderbilt, you have more fans there than they have, and that's no disrespect to them, it's the truth,"" Saban said (h/t Steve Samra of On3.com). Vanderbilt plays at FirstBank Stadium in Nashville. The team announced that it had a sellout for its home opener against Virginia Tech in Week 1 with 28,934 fans in attendance. The Commodores defeated the Hokies 34-27 in overtime and followed that up with a 55-0 win at home against Alcorn State before suffering their first loss last week on the road against Georgia State. Still, Nashville is a popular tourist destination, and Saban said he felt there were more Alabama supporters than Vanderbilt fans in attendance when the Crimson Tide would visit. He also explained that other SEC schools presented tougher atmospheres. ""We're at LSU and we go right down the field when Tua [Tagovailoa] is playing and we get down on the 20-yard-line, where the student section is, we got four straight false starts,"" Saban said. ""The players are all going, shaking their heads like, 'I can't hear, I can't hear,' so it forces you to go on silent.",gpt-4o-mini,dt-z-1,"1. Nick Saban, the former head coach of Alabama, stated that Vanderbilt has the easiest playing environment among SEC teams. 

2. During an appearance on The Pat McAfee Show, Saban remarked that when playing at Vanderbilt, there are often more Alabama fans in attendance than Vanderbilt fans.

3. Vanderbilt's home games are held at FirstBank Stadium in Nashville, Tennessee.

4. The Vanderbilt football team reported a sellout crowd of 28,934 fans for their home opener against Virginia Tech.

5. Vanderbilt defeated Virginia Tech 34-27 in overtime during their home opener and later won 55-0 against Alcorn State.

6. Saban contrasted the atmosphere at Vanderbilt with that of other SEC schools, citing an experience at LSU where his team faced four consecutive false starts due to crowd noise.","1. The stadium has a seating capacity of approximately 40,350 spectators.
2. Vanderbilt Stadium was originally opened in 1904, making it one of the oldest college football stadiums in the United States.
3. The stadium is named after Cornelius Vanderbilt, the founder of Vanderbilt University.
4. The stadium has hosted numerous significant events, including college football games and concerts.
5. The stadium has undergone several renovations over the years to improve facilities and enhance the spectator experience.","1. What specific reasons did Nick Saban provide for considering Vanderbilt the easiest environment to play in?
2. How did Nick Saban compare the atmosphere at Vanderbilt to that of other SEC schools during his tenure?
3. What attendance figures did Vanderbilt report for its home opener against Virginia Tech in Week 1?
4. In what context did Nick Saban mention the challenges faced by players at LSU during games?
5. How did Nick Saban describe the fan dynamics at Vanderbilt compared to those of the visiting teams?","1. How does the seating capacity of approximately 40,350 spectators impact the atmosphere during Vanderbilt's home games?
2. What significance does the year 1904 hold in relation to Vanderbilt Stadium's status among college football venues?
3. In what ways did Cornelius Vanderbilt influence the naming of the stadium associated with the university he founded?
4. Can you elaborate on the types of significant events, aside from football, that have occurred at the stadium?
5. How have the renovations made over the years affected the overall experience of spectators attending events at the stadium?"
sport_9.json,https://bleacherreport.com/articles/10136168-fantasy-alert-kareem-hunt-wont-play-for-chiefs-vs-falcons-samaje-perine-to-be-rb1,"Fantasy Alert: Kareem Hunt Won't Play for Chiefs vs. Falcons; Samaje Perine to Be RB1 Cooper Neill/Getty Images

Fantasy football managers should avoid starting veteran running back Kareem Hunt even though he was signed to the Kansas City Chiefs' practice squad on Tuesday.

According to ESPN's Adam Schefter, Chiefs head coach Andy Reid confirmed that Hunt will not be elevated to Kansas City's active roster for a matchup with the Atlanta Falcons on Sunday.

With starting running back Isiah Pacheco currently on injured reserve due to a leg injury, Samaje Perine should see the majority of available snaps in the backfield.

Reid is likely giving Hunt more time to learn the Chiefs' playbook and prepare for his 2024 debut, as he's spent the past five seasons on the Cleveland Browns after his 2018 campaign in Kansas City.

He'll still have time to move up from the practice squad, as Pacheco is expected to miss at least six weeks after suffering a fractured fibula during the team's win over the Cincinnati Bengals in Week 2.

In the meantime, Perine will start for Kansas City on Sunday. The veteran has primarily operated in a complementary role for the Denver Broncos and Cincinnati Bengals over the past two seasons, offering value on the ground and through the air.

Since 2022, Perine has racked up 632 rush yards and 742 receiving yards to go along with seven total touchdowns in 33 appearances.

He's only started three games over that span, but the results are promising. In those three starts, Perine recorded 186 yards on the ground and 157 yards as a receiver. He'll be going up against a Falcons defense that has allowed the sixth-most rushing yards per game throughout the first two weeks of the year.",gpt-4o-mini,dt-z-1,"1. Kareem Hunt will not be playing for the Kansas City Chiefs against the Atlanta Falcons, as confirmed by Chiefs head coach Andy Reid. 

2. Hunt has been signed to the Chiefs' practice squad but will not be elevated to the active roster for the upcoming game.

3. Starting running back Isiah Pacheco is currently on injured reserve due to a leg injury, which opens up the opportunity for Samaje Perine to take the majority of snaps in the backfield.

4. Pacheco is expected to miss at least six weeks after suffering a fractured fibula during a game against the Cincinnati Bengals in Week 2.

5. Samaje Perine has primarily played a complementary role with the Denver Broncos and Cincinnati Bengals but is set to start for the Chiefs on Sunday.

6. Since 2022, Samaje Perine has accumulated 632 rushing yards and 742 receiving yards, along with seven total touchdowns in 33 appearances, with notable performance in his three starts.","1. The team has struggled with injuries throughout the season, affecting its overall performance.
2. The team has lost its starting quarterback for several games due to a knee injury.
3. Several key defensive players have also suffered injuries, further complicating the team's situation.
4. The team is currently on a losing streak, which has heightened the pressure on the coaching staff and players.
5. The coaching staff is working to adjust the game plan to accommodate the absence of injured players.
6. Fans are expressing concern about the team's ability to compete effectively without its star players on the field.","1. Why is Kareem Hunt not expected to play for the team during the matchup against the Falcons?
2. What factors contributed to Samaje Perine being designated as the starting running back for the game?
3. How does Isiah Pacheco's injury impact the running back situation for the team this week?
4. What kind of performance can be anticipated from Samaje Perine based on his recent statistics and roles?
5. How has the opposing defense's performance influenced the expectations for the running backs in the upcoming game?","1. How has the overall performance of the team been impacted by struggles with injuries this season?
2. What impact did the knee injury that sidelined the starting quarterback have on the team's performance?
3. In what ways have injuries to key defensive players complicated the overall situation for the team?
4. How has the current losing streak influenced the pressure faced by the coaching staff and players?
5. What adjustments are being considered by the coaching staff to accommodate the absence of injured players?
6. How are fans expressing their concerns regarding the team's competitiveness without its star players participating?"
sport_10.json,https://bleacherreport.com/articles/10136132-kenny-omega-update-wwe-aew-rumors-on-kevin-owens-contract-swerve-strickland-return,"Kenny Omega Update; WWE, AEW Rumors on Kevin Owens Contract, Swerve Strickland Return Emma McIntyre

Bleacher Report catches you up on the latest news from the WWE Universe and All Elite Wrestling. Omega Says He's Not Medically Cleared to Wrestle

Kenny Omega has not wrestled since December or appeared on AEW programming in any capacity since May, and comments made by the former AEW world champion on Friday suggest his absence may not be coming to an end any time soon. In a post on X in which he hyped the inclusion of fellow AEW star Samoa Joe in the upcoming Like a Dragon: Pirate Yakuza in Hawaii video game, Omega noted that he is ""not medically cleared"" to compete:

The manner in which Omega revealed the information suggests he could be joking, but he has indeed battled his fair share of health issues since the inception of AEW. His most recent ailment is a bout with diverticulitis. When Omega appeared on an episode of Dynamite in May, he said he required surgery and noted that doctors told him he was lucky to be alive. Omega was then written off TV again due to an attack by Elite members The Young Bucks, Jack Perry and Kazuchika Okada. When Okada signed with AEW, it was an exciting prospect for wrestling fans since it meant the potential reprisal of his classic rivalry with Omega during their time together in New Japan Pro-Wrestling. That is likely still the end goal once Omega returns, but there remains no publicly known timeline for that to happen. When healthy, Omega is widely considered one of the best in-ring wrestlers in the world, and there is no question that he has been sorely missed by AEW fans over the past nine months.",gpt-4o-mini,dt-z-1,"1. Kenny Omega has not wrestled since December and has not appeared on AEW programming since May. 

2. Kenny Omega stated in a post on X that he is ""not medically cleared"" to compete, indicating his ongoing absence from the ring. 

3. Omega has faced multiple health issues since the start of AEW, with his most recent condition being diverticulitis.

4. Omega previously mentioned that doctors advised him he was lucky to be alive after he required surgery related to his health problems.

5. Omega was written off AEW television due to an attack by members of The Elite, including The Young Bucks, Jack Perry, and Kazuchika Okada.

6. There is currently no publicly known timeline for Kenny Omega's return to wrestling, despite the anticipation of a potential rivalry with Kazuchika Okada when he is healthy.","1. Kenny Omega was born on October 16, 1983, in Transcona, Winnipeg, Manitoba, Canada.
2. Kenny Omega began his professional wrestling career in 2000, initially working for various independent promotions in Canada and the United States.
4. Kenny Omega is known for his high-energy wrestling style and has been praised for his ability to tell stories through his matches.
5. In addition to his wrestling career, Kenny Omega has also been involved in video game culture, often incorporating gaming references into his wrestling persona.
6. Kenny Omega has won multiple championships, including the IWGP Heavyweight Championship and the AEW World Championship.","1. What health issues have contributed to Kenny Omega's absence from wrestling since December and May?
2. How did Kenny Omega's comments on social media hint at his ongoing medical clearance status for competition?
3. What significant medical procedure did Kenny Omega mention he required, and what was the doctor's assessment of his condition?
4. How has Kenny Omega's absence impacted fan expectations regarding a potential rivalry with another wrestling star?
5. What factors contribute to Kenny Omega being regarded as one of the best in-ring wrestlers when healthy?","1. What were the circumstances surrounding Kenny Omega's birth in Transcona, Winnipeg, Manitoba, on October 16, 1983?
2. Which independent promotions in Canada and the United States did Kenny Omega start working for in 2000?
3. How has Kenny Omega's wrestling style contributed to his storytelling ability during matches throughout his career?
4. What specific gaming references has Kenny Omega incorporated into his wrestling persona beyond his wrestling career?
5. Which championships did Kenny Omega win, and what were the significance and impact of those titles?"
sport_11.json,https://bleacherreport.com/articles/10136167-dodgers-star-shohei-ohtanis-50th-hr-ball-is-worth-500k-says-auction-expert,"Dodgers Star Shohei Ohtani's 50th HR Ball is Worth $500K, Says Auction Expert Chris Arjoon/Getty Images

Shohei Ohtani's historic 50th home run of the season for the Los Angeles Dodgers is one of the most valuable baseballs in history.

David Kohler, president of SCP Auctions, told TMZ Sports the ball would likely sell for around $500,000 if it were to be made available at auction.

Ohtani became the first player in MLB history with 50 homers and 50 stolen bases in a season in the Dodgers' 20-4 victory over the Miami Marlins on Thursday. He hit his 50th homer in the seventh inning off Marlins reliever Mike Baumann.

While the fan who caught the ball has yet to be identified, Darren Rovell and Will Stern of CLLCT.com noted the person is believed to be a man in his 50s.

Craig Mish of the Miami Herald added the fan elected to keep the ball even though the Dodgers made an attempt to negotiate a deal to get it for Ohtani.

TMZ noted there's no word yet on whether or not the fan intends to sell the ball.

The two-run blast came as part of a 6-for-6 day in which Ohtani hit three homers, two doubles, stole two bases and drove in 10 runs. His home run total now sits at an NL-high 51 with nine games remaining in the regular season.

Ohtani is just the seventh player in MLB history to record at least 17 total bases in a single game.

There have been six baseballs in history that have sold for auction with a price tag of at least $500,000. The most recent one was Aaron Judge's 62nd home run from the 2022 season that went for $1.5 million.",gpt-4o-mini,dt-z-1,"1. Shohei Ohtani's 50th home run of the season for the Los Angeles Dodgers is considered one of the most valuable baseballs in history, with an estimated auction value of around $500,000 according to auction expert David Kohler. 

2. Ohtani made history by becoming the first player in Major League Baseball (MLB) to achieve 50 home runs and 50 stolen bases in a single season during a game against the Miami Marlins.

3. The historic 50th home run was hit in the seventh inning off Marlins reliever Mike Baumann as part of a dominant 20-4 victory for the Dodgers.

4. The fan who caught Ohtani's 50th home run ball has not been publicly identified, but reports suggest that this individual is believed to be a man in his 50s.

5. Despite the Dodgers' efforts to negotiate a deal to acquire the ball for Ohtani, the fan decided to keep it, and there has been no information on whether the fan plans to sell the ball.

6. Ohtani's performance during the game included hitting three home runs, two doubles, stealing two bases, and driving in 10 runs, bringing his total home run count for the season to an NL-high of 51 with nine games remaining.","1. Shohei Ohtani is widely regarded as one of the most talented two-way players in baseball history, excelling both as a pitcher and a hitter.
2. Ohtani signed with the Los Angeles Angels in December 2017 after a successful career in Japan, where he showcased his exceptional talents.
3. Ohtani was born on July 5, 1994, in Oshu, Japan, and began his professional career with the Hokkaido Nippon-Ham Fighters in Japan's Nippon Professional Baseball (NPB).
4. Ohtani made his MLB debut with the Los Angeles Angels on April 1, 2018, quickly impressing fans and analysts with his unique skill set.
5. Ohtani won the American League Most Valuable Player (MVP) award in 2021, solidifying his status as one of the best players in baseball.
6. In addition to his offensive and pitching achievements, Ohtani has set multiple records, including becoming the fastest player to reach 100 home runs and 500 strikeouts in MLB history.","1. What is the estimated auction value of Shohei Ohtani's historic 50th home run baseball according to experts?
2. How does Shohei Ohtani's achievement of 50 home runs and 50 stolen bases impact his historical significance?
3. What notable performance did Shohei Ohtani have during the game in which he hit his 50th homer?
4. What factors might influence the decision of the unidentified fan regarding the potential sale of the baseball?
5. How does the sale history of baseballs relate to the expected auction price of Ohtani's 50th home run?","1. How did Ohtani's unique skill set compare to other players who played for the Los Angeles Angels historically?
2. What factors contributed to Ohtani's decision to begin his professional career with the Hokkaido Nippon-Ham Fighters?
3. How did the Los Angeles Angels' fans react to Ohtani's debut in the MLB on April 1, 2018?
4. What specific achievements led to Ohtani winning the American League MVP award in 2021, according to different sources?
5. Which records did Ohtani break regarding his speed in reaching significant milestones for an MLB player?"
sport_12.json,https://bleacherreport.com/articles/10136166-video-josh-allen-gives-caleb-williams-advice-says-1st-games-wont-define-career,"Video: Josh Allen Gives Caleb Williams Advice, Says 1st Games Won't 'Define' Career Cooper Neill/Getty Images

Josh Allen has some advice for Caleb Williams

During an appearance on The Facility on FS1, the Buffalo Bills quarterback said that Williams needs to ""just keep playing football"" and that a rough start can be overcome.

""If the first couple of games in your NFL career don't go your way, it doesn't mean it will define your career,"" Allen said. ""I think he's got to just keep working hard and playing football the way he knows how to play the game.""

Williams was the No. 1 pick in the 2024 NFL Draft after an elite college career at Oklahoma and USC. He won the 2023 Heisman Trophy and threw for 10,082 yards and 93 touchdowns in his career.

His NFL tenure has been much less successful so far, although it has barely started. He won his first start for the Chicago Bears but his performance was not a big reason why as he only threw for 93 yards and had a completion percentage under 50 percent.

In his second game against the Houston Texans, he went 23-37 for 174 yards but threw two interceptions in a 19-13 loss.

He has plenty of time to improve but the warning bells appear to be sounding. However, Allen may be the best example of how a player can overcome a slow start.

Allen went 5-6 in his rookie season while throwing for 2,074 yards with 10 touchdowns and 12 interceptions. Since then, he has led Buffalo to five consecutive playoff appearances, four consecutive division titles and has been named to two Pro Bowls. He is among the best quarterbacks in the league and is the caliber of player Chicago hopes Williams can develop into.",gpt-4o-mini,dt-z-1,"1. Josh Allen advised Caleb Williams to ""just keep playing football"" and emphasized that a rough start in the NFL does not define a player's career. 

2. Caleb Williams was selected as the No. 1 pick in the 2024 NFL Draft following an outstanding college career at Oklahoma and USC, where he won the 2023 Heisman Trophy and accumulated 10,082 passing yards and 93 touchdowns.

3. In his NFL debut with the Chicago Bears, Caleb Williams won his first game but had an unimpressive performance, throwing for only 93 yards with a completion percentage below 50%.

4. In his second game against the Houston Texans, Caleb Williams completed 23 of 37 passes for 174 yards but suffered two interceptions, contributing to a 19-13 loss.

5. Josh Allen experienced a challenging rookie season, finishing with a record of 5-6, throwing for 2,074 yards, 10 touchdowns, and 12 interceptions before achieving significant success in subsequent seasons.

6. Since his rookie year, Josh Allen has led the Buffalo Bills to five consecutive playoff appearances, won four consecutive division titles, and earned two Pro Bowl selections, showcasing his ability to overcome a slow start in the NFL.","1. Caleb Williams was born on November 18, 2002, in Washington, D.C.
2. Caleb Williams attended Gonzaga College High School in Washington, D.C., where he excelled as a quarterback.
4. During his time at USC, Caleb Williams led the team to significant victories and showcased his talent on a national stage.
5. Caleb Williams won the prestigious Heisman Trophy in 2022, recognizing him as the best player in college football.
6. Caleb Williams is widely regarded as one of the top prospects for the upcoming NFL Draft due to his exceptional skills and performance in college football.","1. What key piece of advice did Josh Allen offer to Caleb Williams regarding his early NFL performances?
2. How can a rough start in the NFL impact a player's long-term career trajectory, according to Josh Allen?
3. What notable achievements did Caleb Williams accomplish during his college career prior to joining the NFL?
4. How does Josh Allen's experience during his rookie season serve as an example for Caleb Williams?
5. In what ways have Josh Allen's subsequent accomplishments contrasted with his initial struggles in the NFL?","1. What significant event related to Caleb Williams occurred on November 18, 2002, in a different city?
2. In which location did Caleb Williams showcase his quarterback skills while attending a specific high school?
3. What notable achievements did Caleb Williams accomplish while competing at a specific university during a particular season?
4. Which year did Caleb Williams receive a prestigious award for being an outstanding college football player?
5. What specific factors contributed to Caleb Williams being viewed as a top prospect for a future NFL Draft?"
sport_13.json,https://bleacherreport.com/articles/10136165-caitlin-clarks-wnba-draft-card-sets-record-to-be-highest-selling-womens-sports-card,"Caitlin Clark's WNBA Draft Card Sets Record to be Highest-Selling Women's Sports Card Stephen Gosling/NBAE via Getty Images

Although Cailtin Clark wrapped up her first regular season in the WNBA on Thursday, she wasn't done breaking records.

According to TMZ Sports, Clark's autographed WNBA draft rookie card sold at auction for $84,000 on Friday after 79 bids were made. It represents the most expensive women's sports card ever.

The Panini Instant card features an image of Clark holding up her Fever jersey after she was selected with the No. 1 overall pick in the 2024 WNBA draft on April 15.

Following an incredible four-year college career at Iowa, Clark took the association by storm during her rookie season. She averaged 19.2 points, 5.7 rebounds and 8.4 assists per game on 41.7/34.4/90.6 shooting splits.

Clark made history on several occasions throughout the year, setting a new WNBA single-season assist record as well as a new rookie single-season scoring record.

Her sports card record may not stand for long, though. Goldin is auctioning off another autographed Clark draft night card packaged with a signed draft card by Chicago Sky standout rookie Angel Reese, which could surpass $84,000 (via TMZ Sports).",gpt-4o-mini,dt-z-1,"1. Caitlin Clark's autographed WNBA draft rookie card sold at auction for $84,000, making it the highest-selling women's sports card ever. 

2. The sale of Clark's card involved 79 bids, highlighting significant interest from collectors.

3. The Panini Instant card features Caitlin Clark holding up her Fever jersey after being selected as the No. 1 overall pick in the 2024 WNBA draft.

4. Caitlin Clark had an impressive rookie season, averaging 19.2 points, 5.7 rebounds, and 8.4 assists per game with shooting splits of 41.7% from the field, 34.4% from three-point range, and 90.6% from the free-throw line.

5. Throughout her rookie season, Caitlin Clark set new WNBA records, including a single-season assist record and a rookie single-season scoring record.

6. Another autographed Clark draft night card, which is packaged with a signed card from Chicago Sky rookie Angel Reese, is being auctioned by Goldin and has the potential to exceed the $84,000 record.","1. Caitlin Clark played for the University of Iowa, where she became a standout player in the NCAA.
2. Caitlin Clark was named the NCAA Player of the Year, reflecting her dominance and influence in women's college basketball.
3. Caitlin Clark received numerous accolades throughout her college career, including multiple All-American selections, which underscored her impact on the game.
4. Caitlin Clark led the NCAA in assists during her final season, highlighting her playmaking abilities and vision on the court.
5. Caitlin Clark averaged over 25 points per game in her final season, showcasing her scoring prowess and consistency as a top player.
6. Caitlin Clark's skills and performance earned her recognition as a key player in international competitions, contributing to her team's success in global tournaments.","1. What significant record did Caitlin Clark achieve with her autographed WNBA draft rookie card at auction?
2. How much did Caitlin Clark's autographed WNBA draft rookie card sell for during the auction event?
3. What notable achievements did Caitlin Clark accomplish during her rookie season in the WNBA?
4. What are the specific shooting statistics that Caitlin Clark recorded during her first WNBA season?
5. Why might Caitlin Clark's record for the highest-selling women's sports card be at risk of being surpassed?","1. How did Caitlin Clark's standout performance at the University of Iowa influence her later professional career?
2. In what ways did Caitlin Clark's recognition as NCAA Player of the Year affect her future career prospects?
3. What specific accolades during Caitlin Clark's college career highlighted her influence on women's basketball at large?
4. How did leading the NCAA in assists during her final season shape Caitlin Clark's overall basketball legacy?
5. What factors contributed to Caitlin Clark's scoring average exceeding 25 points per game in her final season?
6. How did Caitlin Clark's contributions to international competitions enhance her stature as a top player globally?"
sport_14.json,https://bleacherreport.com/articles/10136164-cowboys-voted-most-improved-in-overall-analytics-by-nfl-execs-been-cool-to-see,"Cowboys Voted Most Improved in Overall Analytics by NFL Execs: 'Been Cool to See' Matthew Pearce/Icon Sportswire via Getty Images

The Dallas Cowboys have increased their use of analytics.

Seth Walder of ESPN released the results of a survey from the NFL teams that detailed which franchises have embraced analytics the most. The Cleveland Browns were named as the team that utilizes analytics the most for the fourth consecutive season but the Cowboys were named as the team that has improved the most in the metric.

Dallas received 13 of 20 votes from the teams that sent in an answer. This was due to ""substantial staffing changes,"" with notable hires including director of strategic football operations John Park and the addition of Kathy Evans to the analytics group.

Park had previously been with the Indianapolis Colts while Evans had worked with the Washington Wizards and Mystics of the NBA and WNBA. The franchise also added four other full-time employees to the analytics team and two strategic football fellows, per Walder.

When asked why the Cowboys were the most improved, the resources the team has were viewed as a reason why.

""The growth of their team,"" an AFC staffer told Walder. ""It's Dallas, they have more resources than anybody. It's been cool to see that department grow.""

Dallas' play during the 2023 regular season would have some wondering why a change in approach was necessary. The Cowboys went 12-5 and won the NFC East. This was the third consecutive season that the team qualified for the playoffs, but the Wild Card performance showed exactly what was wrong.

The Cowboys fell 48-32 to the Green Bay Packers, who were the No. 7 seed. This was the second time in three seasons that the Cowboys failed to win a postseason game and the franchise as a whole has not reached a Conference Championship since 1995.",gpt-4o-mini,dt-z-1,"1. The Dallas Cowboys have significantly increased their use of analytics in recent seasons. 

2. According to a survey conducted by ESPN's Seth Walder, the Cowboys were voted as the team that has improved the most in analytics by NFL executives.

3. The Cleveland Browns have been recognized as the team that utilizes analytics the most for four consecutive seasons.

4. The Cowboys received 13 out of 20 votes from NFL teams for their improvement in analytics, attributed to substantial staffing changes in the organization.

5. Notable hires for the Cowboys' analytics team include John Park, who previously worked with the Indianapolis Colts, and Kathy Evans, who has experience with the Washington Wizards and Mystics.

6. Despite a strong regular season record of 12-5 and winning the NFC East, the Cowboys' performance in the playoffs raised questions about the necessity of their change in approach, as they lost to the Green Bay Packers in the Wild Card round.","1. The Dallas Cowboys are a professional American football team based in Arlington, Texas.  
2. The team was established in 1960 and has since become one of the most successful franchises in NFL history.  
4. The Cowboys have won multiple Super Bowl championships, solidifying their reputation as a dominant force in the sport.  ","1. What specific factors contributed to the Dallas Cowboys being recognized as the most improved team in analytics?
2. How has the addition of new personnel influenced the Dallas Cowboys' analytics department growth and effectiveness?
3. What reasons did NFL executives provide for the Dallas Cowboysâ€™ significant improvement in their analytics approach?
4. In what ways did the Dallas Cowboysâ€™ playoff performance highlight the need for a change in strategy?
5. How does the historical context of the franchise's playoff success relate to the recent improvements in analytics?","1. Is it true that the Cowboys, based in Arlington, Texas, were founded in 1960 yet still obscure?
2. How many Super Bowl championships has the Dallas Cowboys franchise won since its establishment in 1960?
3. What specific achievements have the Cowboys earned that justify their dominance in American football history?"
sport_15.json,https://bleacherreport.com/articles/10136163-nfl-exec-ranks-carson-beck-over-shedeur-sanders-as-no-1-qb-for-2025-nfl-draft,"NFL Exec Ranks Carson Beck Over Shedeur Sanders as No. 1 QB for 2025 NFL Draft Todd Kirkland/Getty Images

Amid his strong start to the 2024 season, Georgia quarterback Carson Beck has firmly entrenched himself in the conversation for the top signal-caller in the 2025 draft class.

As part of an analytics survey conducted by ESPN's Seth Walder, an NFL executive said they have Beck ranked as the top quarterback ahead of Colorado's Shedeur Sanders and the rest of next year's draft prospects.

""He's the No. 1 guy to me right now,"" the exec said. ""He's got more size than the other guys in his class, strong arm, productive, plays at a top program, mobile.""

Beck has led the No. 2 Bulldogs to a 3-0 start, and he will have another chance to impress in a marquee matchup on Saturday, Sept. 28, against No. 4 Alabama. The senior has thrown for 680 yards, seven touchdowns and no interceptions while completing 68.3 percent of his passes.

However, the 2025 draft class is projected to be strong at other positions. One voter explained that Beck is the only quarterback who they believe would have a chance of being selected in the top 10.

""I wouldn't put anyone else [in the 2025 quarterback class] with 50% odds. ... He's the highest,"" the voter said.",gpt-4o-mini,dt-z-1,"1. Georgia quarterback Carson Beck is currently regarded as the top quarterback prospect for the 2025 NFL Draft, according to an NFL executive's ranking. 

2. The NFL executive highlighted Carson Beck's advantages, citing his size, strong arm, productivity, mobility, and the fact that he plays for a top program.

3. Carson Beck has led the No. 2 ranked Georgia Bulldogs to a 3-0 start in the 2024 season.

4. In the current season, Carson Beck has thrown for 680 yards, seven touchdowns, and has not thrown any interceptions, while completing 68.3 percent of his passes.

5. The 2025 NFL Draft class is expected to be strong in positions other than quarterback, with one analyst stating that Beck is the only quarterback likely to be selected in the top 10.

6. A voter for the analytics survey expressed that no other quarterback in the 2025 draft class has a 50% chance of being selected in the top 10, asserting that Carson Beck has the highest odds among them.","1. Carson Beck is an American football player who plays the quarterback position.  
2. Carson Beck was born on June 27, 2001, in Jacksonville, Florida.  
3. Carson Beck attended Mandarin High School in Jacksonville, where he excelled as a quarterback.  
4. Carson Beck committed to play college football at the University of Georgia after high school.  
5. Carson Beck was rated as a four-star recruit by major recruiting services based on his performance in high school.  
6. Carson Beck led his high school team to a successful season, showcasing his skills and leadership on the field.","1. What specific attributes contribute to Carson Beck being ranked as the top quarterback for the 2025 draft?
2. How has Carson Beck's performance in the 2024 season influenced his standing among upcoming draft prospects?
3. In what ways does the 2025 draft class differ in quarterback talent compared to other positions?
4. What statistics demonstrate Carson Beck's effectiveness as a quarterback during the early weeks of the season?
5. Why does one evaluator believe Carson Beck is the only quarterback with potential top 10 draft odds?","1. How did Carson Beck's performance as a quarterback influence his status in American football historically?
2. In what ways did Carson Beck's birthplace impact his future career in professional football?
3. What factors contributed to Carson Beck's excellence as a quarterback during his time at Mandarin High School?
4. What were the main reasons behind Carson Beck's college football commitment to a university outside of Georgia?
5. How did recruiting services evaluate Carson Beck's high school performance to determine his star rating?
6. In what specific ways did Carson Beck demonstrate leadership during his high school team's successful season?"
sport_16.json,https://bleacherreport.com/articles/10135211-a-3-team-nba-trade-to-boost-two-eastern-conference-contenders,"A 3-Team NBA Trade to Boost Two Eastern Conference Contenders 3 of 4

Don Juan Moore/Getty Images

It's no small thing for the Pacers to give up their No. 8 pick in 2023, but Walker needs a lot of time on the court to develop. He could become an impact power forward, but he won't get much chance behind Pascal Siakam and Obi Toppin.

Carter has a team-friendly contract at $12 million this season and $10.9 million next. He's still just 25, but at 6'10"", 270 pounds, he would give the Pacers a bigger, stronger backup to Myles Turner (who is in the last year of his contract).

Indiana also loses center Isaiah Jackson, who is extension-eligible this summer. While he's active and athletic, Jackson (6'9"", 205 lbs) doesn't have nearly the same heft as Carter, who better fills the team's rotational need than Jackson and Walker.

The Pacers need to return to the minimum of 14 standard contracts, but the team is awfully close to the NBA's $170.8 million luxury tax threshold. The best way to stay under would probably be converting Enrique Freeman or Tristen Newton.

Both were drafted in the second round and signed two-way contracts, but they would only count against the tax at almost $1.2 million. A non-drafted rookie minimum would earn the same salary but would be almost $2.1 million against the tax.",gpt-4o-mini,dt-z-1,"1. The Indiana Pacers are considering giving up their No. 8 pick in the 2023 NBA Draft to facilitate a trade involving players who require more time on the court to develop.

2. Player Walker has the potential to become an impactful power forward, but his playing opportunities will be limited due to the presence of Pascal Siakam and Obi Toppin on the team.

3. Center Carter has a team-friendly contract worth $12 million for the current season and $10.9 million for the next season, and he is only 25 years old.

4. At 6'10"" and 270 pounds, Carter is expected to provide the Pacers with a stronger backup option for Myles Turner, who is entering the final year of his contract.

5. The Pacers will lose center Isaiah Jackson, who is extension-eligible this summer, and while he is active and athletic, he is not as physically imposing as Carter.

6. To stay under the NBA's luxury tax threshold of $170.8 million, the Pacers may need to convert players Enrique Freeman or Tristen Newton, who were drafted in the second round and signed two-way contracts.","1. The Indiana Pacers are a professional basketball team based in Indianapolis, Indiana.
2. The team is a member of the Central Division in the Eastern Conference of the NBA.
3. The Pacers were established in 1967 and have a rich history in the National Basketball Association (NBA).
4. The franchise has had notable players, including Reggie Miller and Paul George, who have significantly contributed to its success.
5. The Pacers have won multiple division titles and have made several playoff appearances throughout their history.
6. The franchise has a dedicated fan base and plays its home games at the Gainbridge Fieldhouse.","1. What are the implications of the Pacers trading their No. 8 pick for a developing power forward?
2. How does the addition of a larger backup impact the Pacersâ€™ roster and future strategies?
3. In what ways does the contract situation of Carter benefit the Pacers in their financial planning?
4. What challenges do the Pacers face in maintaining their roster size while avoiding the luxury tax threshold?
5. How do the contracts of Enrique Freeman and Tristen Newton factor into the Pacers' financial strategy for the season?","1. Is it true that a professional basketball team in Indianapolis has a different name than the Pacers?
2. How does the Central Division's composition impact the Eastern Conference standings for the Pacers?
3. What significant events occurred in the NBA after the Pacers were established in 1967?
4. Which players contributed to a franchise's success that is not associated with the Pacers in the NBA?
5. How many playoff appearances did a different team from the Pacers have during their franchise history?
6. What unique features distinguish the Gainbridge Fieldhouse from other NBA arenas not related to the Pacers?"
sport_17.json,https://bleacherreport.com/articles/10136162-video-joey-bosa-reveals-chargers-hc-jim-harbaugh-gets-in-cold-tub-in-his-full-outfit,"Video: Joey Bosa Reveals Chargers HC Jim Harbaugh Gets in Cold Tub in His Full Outfit David Jensen/Icon Sportswire via Getty Images

Jim Harbaugh takes a unique approach to the cold tub.

During an appearance on the Green Light with Chris Long podcast, Los Angeles Chargers defensive end Joey Bosa revealed that his head coach will hop into the cold tub without removing any clothing.

""He's been hitting the cold tub and he just gets in full outfit,"" Bosa said. ""Shirt still tucked in and he's just sitting there.""

When asked about the specific outfit he is wearing in the tub, Bosa reveals that it includes every accessory, including his belt and khakis.

Harbaugh is in his first season with the Chargers and things have gotten off to a strong start. Los Angeles is 2-0 and outscoring opponents 48-16 thus far.

He came to the franchise after leading his alma mater, Michigan to a National Championship in 2023. This is Harbaugh's second NFL head coaching stint after compiling a 44-19-1 record as the head coach of the San Francisco 49ers from 2011-2014.

Bosa is a cornerstone piece for the Chargers, with 69 career sacks and four Pro Bowl selections to his name. He has recorded two sacks and nine total tackles thus far in 2024.",gpt-4o-mini,dt-z-1,"1. Los Angeles Chargers head coach Jim Harbaugh enters the cold tub fully dressed, including his shirt tucked in, as revealed by defensive end Joey Bosa during a podcast appearance. 

2. Joey Bosa noted that Jim Harbaugh's cold tub attire includes all accessories, such as his belt and khakis.

3. Jim Harbaugh is in his first season with the Los Angeles Chargers, and the team currently has a record of 2-0, having outscored opponents 48-16.

4. Before joining the Chargers, Jim Harbaugh led the University of Michigan to a National Championship in 2023.

5. This is Jim Harbaugh's second head coaching position in the NFL; he previously coached the San Francisco 49ers from 2011 to 2014 and achieved a record of 44 wins, 19 losses, and 1 tie.

6. Joey Bosa has established himself as a key player for the Chargers, accumulating 69 career sacks and earning four Pro Bowl selections, with two sacks and nine total tackles recorded in the 2024 season.","1. Jim Harbaugh was appointed as the head coach of the University of Michigan football team in December 2014.
2. Under Jim Harbaugh's leadership, the University of Michigan football team has consistently ranked among the top teams in the NCAA.
5. Jim Harbaugh has led the University of Michigan to multiple bowl game appearances since his appointment.
6. Jim Harbaugh is known for his passionate coaching style and his commitment to fostering a competitive team culture.","1. What unconventional method does the head coach use when entering the cold tub, according to Joey Bosa?
2. How does Jim Harbaughâ€™s choice of attire reflect his unique approach to cold tub recovery practices?
3. What is the current performance record of the team under Jim Harbaughâ€™s leadership in the season?
4. What notable achievements did Jim Harbaugh accomplish prior to joining the Chargers as head coach?
5. How has Joey Bosa's performance contributed to the Chargers' success in the early part of the season?","1. When did Jim Harbaugh take over as head coach for the University of Michigan football team in 2014?
2. How many NCAA rankings did Jim Harbaugh achieve with the University of Michigan football team during coaching?
3. What specific bowl games has Jim Harbaugh led the University of Michigan football team to since his appointment?
4. In what ways does Jim Harbaugh's coaching style reflect his commitment to competitive team culture and passion?"
sport_18.json,https://bleacherreport.com/articles/10136159-aj-dybantsa-to-visit-unc-no-1-ranked-player-in-2025-cbb-recruiting-class,"AJ Dybantsa to Visit UNC; No. 1 Ranked Player in 2025 CBB Recruiting Class ALTAN GOCHER/Hans Lucas/AFP via Getty Images

Forward AJ Dybantsa is scheduled to take an official visit to North Carolina ""this weekend"" and will arrive at Chapel Hill on Friday, according to Joe Tipton of On3.com.

Dybantsa is the No. 1 prospect in the 2025 recruiting class, per 247Sports' composite rankings.

He previously told ESPN's Paul Biancardi that he'll choose between seven schools including Alabama, Auburn, Baylor, BYU, Kansas, Kansas State and North Carolina.

Dybantsa has already visited three of the seven schools that he'll eventually choose between. He traveled to Auburn in March before heading to Kansas State on Aug. 30 and Kansas on Sept. 6.

After leaving North Carolina, he'll visit Alabama on Sept. 27 and Baylor on Oct. 4. His final stop will be at BYU on Oct. 11.

At 6'9"" and 210 pounds, Dybantsa is able to use his height and wingspan to pull up over smaller defenders and consistently generate his own offense. He was the leading scorer in the 2023 Peach Jam as an underclassman, averaging 25.8 points per game.

Dybantsa also stood out for the United States during the FIBA U17 World Cup, averaging 14.1 points and 3.9 rebounds to go along with 4.1 assists per game on 58.7 percent shooting.

He previously spoke about his affinity for the school ahead of his upcoming visit.

""I like it a lot â€“ Chapel Hill,"" he said (via Aidan Jensen of USA Today's Tar Heels Wire). ""They have a lot of (professional) wingsâ€¦ He [Hubert Davis] was telling me I'll play the wing role there. I'll play on-ball and off-ball, I'll be a two-way player â€“ I'll be a do-it-all wing.""",gpt-4o-mini,dt-z-1,"1. AJ Dybantsa is a forward who is scheduled to visit the University of North Carolina this weekend, arriving in Chapel Hill on Friday. 

2. Dybantsa is currently ranked as the No. 1 prospect in the 2025 college basketball recruiting class according to 247Sports' composite rankings.

3. He has expressed that he will ultimately choose from seven schools, which include Alabama, Auburn, Baylor, BYU, Kansas, Kansas State, and North Carolina.

4. Dybantsa has already visited three of the seven schools, having traveled to Auburn in March, Kansas State on August 30, and Kansas on September 6.

5. After his visit to North Carolina, he is scheduled to visit Alabama on September 27, Baylor on October 4, and BYU on October 11.

6. Standing at 6'9"" and weighing 210 pounds, Dybantsa was the leading scorer in the 2023 Peach Jam, averaging 25.8 points per game as an underclassman.","1. Dybantsa is a talented basketball player currently competing at the high school level.
2. Dybantsa plays as a guard and is recognized for his exceptional scoring ability and playmaking skills.
3. Dybantsa has received multiple awards for his performance, including All-Region honors and Most Valuable Player recognition.
4. Dybantsa has led his team to numerous victories, showcasing his leadership on the court.
5. Dybantsa has been recruited by several colleges due to his impressive performances and potential for further development in the sport.
6. Dybantsa is known for his strong work ethic and dedication to improving his game, often training outside of regular team practices.","1. What are the key details regarding AJ Dybantsa's upcoming official visit to North Carolina this weekend?
2. How does AJ Dybantsa's performance at the 2023 Peach Jam highlight his offensive capabilities and potential?
3. What factors might influence AJ Dybantsa's decision among the seven schools he is considering for recruitment?
4. In what ways does AJ Dybantsa envision his role at North Carolina based on his discussions with the coaching staff?
5. How has AJ Dybantsa's international performance during the FIBA U17 World Cup contributed to his recruiting profile?","1. Is AJ Dybantsa currently competing at the college level instead of as a high school basketball player?
2. How does AJ Dybantsa's role as a guard influence his scoring ability and playmaking skills?
3. What specific awards did AJ Dybantsa receive for his performance that led to his recognition in basketball?
4. In what ways has AJ Dybantsa showcased his leadership during numerous victories with his high school team?
5. Which colleges have recruited AJ Dybantsa based on his impressive performances and potential for further development?
6. How does AJ Dybantsa's strong work ethic manifest in his training routine outside of team practices?"
sport_19.json,https://bleacherreport.com/articles/10136157-nfl-rumors-justice-hill-ravens-agree-to-2-year-6m-contract-extension,"NFL Rumors: Justice Hill, Ravens Agree to 2-Year, $6M Contract Extension Kevin Sabitus/Getty Images

The Baltimore Ravens and running back Justice Hill reportedly agreed to a contract extension Friday. According to NFL Network's Ian Rapoport, Hill and the Ravens came to terms on a two-year, $6 million deal. Hill, 26, has spent his entire five-year career in Baltimore, and he is now under contract with the team through the 2026 campaign thanks to his new pact. Baltimore originally selected Hill in the fourth round of the 2019 NFL draft after he enjoyed a standout collegiate career at Oklahoma State that included two 1,000-yard rushing seasons and 30 total rushing touchdowns over three seasons. Despite that, Hill had a fairly limited role in the Ravens' offense over his first three seasons, averaging about 182 rushing yards, eight catches for 49 yards and less than one touchdown per year during that stretch. Hill was utilized far more often last season, though, perhaps due in large part to the fact that running back J.K. Dobbins was lost for the season after just one game, while veteran running back Melvin Gordon struggled. Gus Edwards was the Ravens' go-to running back as a rusher last season, but Hill was the primary third-down back, and his stats improved as a result. In fact, Hill set career highs across the board with 84 carries for 387 yards and three touchdowns, plus 28 receptions for 206 yards and a score. The Ravens' backfield underwent some significant changes during the offseason, as both Edwards and Dobbins signed with the Los Angeles Chargers in free agency, while Baltimore signed longtime Tennessee Titans running back and potential future Hall of Famer Derrick Henry.",gpt-4o-mini,dt-z-1,"1. The Baltimore Ravens and running back Justice Hill agreed to a two-year contract extension worth $6 million. 

2. Justice Hill has spent his entire five-year NFL career with the Baltimore Ravens, having been originally selected in the fourth round of the 2019 NFL draft.

3. With the new contract extension, Justice Hill is now under contract with the Baltimore Ravens through the 2026 season.

4. During his first three seasons, Justice Hill had a limited role in the Ravens' offense, averaging approximately 182 rushing yards, eight receptions for 49 yards, and less than one touchdown per year.

5. Justice Hill saw increased usage in the most recent season, setting career highs with 84 carries for 387 yards and three rushing touchdowns, along with 28 receptions for 206 yards and one receiving touchdown.

6. The Ravens' backfield underwent significant changes in the offseason, as running backs Gus Edwards and J.K. Dobbins signed with the Los Angeles Chargers, and the Ravens signed Derrick Henry from the Tennessee Titans.","1. Justice Hill was born on October 15, 1997, in Tulsa, Oklahoma, and showed an early passion for football.
2. Justice Hill attended Booker T. Washington High School in Tulsa, where he excelled as a standout running back.
4. During his college career, Justice Hill set multiple records and was named to several All-Conference teams for his outstanding play.
6. Justice Hill has been praised for his speed and agility, attributes that contribute to his effectiveness as a running back in the NFL.","1. What terms were agreed upon for Justice Hill's recent contract extension with the team he plays for?
2. How has Justice Hill's role in the team's offense evolved over his five-year career thus far?
3. What factors contributed to Justice Hill's increased utilization in the team's offense during the previous season?
4. How did Justice Hill's performance metrics from last season compare to his earlier seasons in the league?
5. What significant changes occurred in the team's backfield during the offseason that may affect Justice Hillâ€™s role?","1. What specific accomplishments did Justice Hill achieve during his early football passion in Tulsa, Oklahoma, in 1997?
2. How did Justice Hill's standout performance at Booker T. Washington High School influence his NFL career trajectory?
3. Which records did Justice Hill break during his college career that led to All-Conference team selections?
4. In what ways have Justice Hill's speed and agility been recognized as impacting his running back performance?"
sport_20.json,https://bleacherreport.com/articles/10136155-jets-braelon-allen-trolls-teams-for-draft-slide-wanted-me-to-run-in-my-underwear,"Jets' Braelon Allen Trolls Teams for Draft Slide: Wanted Me to 'Run in My Underwear' Michael Owens/Getty Images

New York Jets rookie running back Braelon Allen has gotten off to a strong start this season, prompting some fans to wonder how he fell to the fourth round of the 2024 draft.

Allen responded cheekily on social media on Friday, saying prospective teams ""wanted to see me run in my underwear"" during the pre-draft process:

After spending three years at Wisconsin, Allen was given a prospect grade of 6.10 by NFL.com, which projected him to be a ""good backup with the potential to develop into a starter."" His pre-draft evaluation likely took a hit because his production in his junior year dipped to 984 rushing yards after he impressed with 1,268 yards and 1,242 yards during his freshman and sophomore seasons, respectively. However, the Badgers installed a new offense in his junior year, which undoubtedly played a factor in his output.

Allen wasted no time proving his prognosticators wrong, as he's been one of New York's most impactful players over the past two weeks. The 20-year-old, who is the youngest player in the NFL, scored his first touchdown on a pass from Aaron Rodgers and rushed for the go-ahead score in the fourth quarter of the Jets' Week 2 win against the Tennessee Titans.

Allen was voted as the AFC Rookie of the Week, and he followed that up by recording a team-high 55 yards in Thursday night's win against the New England Patriots. He's impressed with his ability to run through contact and punish defenders whenever he touches the ball.

The Jets appear to have found a gem with Allen falling to the fourth round of the draft. He's combined with third-year star Breece Hall to create one of the most promising backfield duos in the NFL.",gpt-4o-mini,dt-z-1,"1. Braelon Allen, a rookie running back for the New York Jets, was selected in the fourth round of the 2024 NFL Draft despite having a strong start to his season.

2. Allen's pre-draft evaluation was impacted by a drop in production during his junior year at Wisconsin, where he rushed for 984 yards after previously achieving 1,268 yards and 1,242 yards in his freshman and sophomore seasons.

3. The decline in Allen's rushing yards during his junior year was influenced by the installation of a new offense at Wisconsin.

4. At 20 years old, Braelon Allen is currently the youngest player in the NFL and has already made significant contributions to the Jets, including scoring his first touchdown on a pass from Aaron Rodgers.

5. Allen was named the AFC Rookie of the Week after his performance in Week 2, where he rushed for the go-ahead score against the Tennessee Titans.

6. The combination of Braelon Allen and third-year player Breece Hall is creating one of the most promising backfield duos in the NFL for the New York Jets.","1. Braelon Allen was born on January 6, 2004, in Fond du Lac, Wisconsin, making him a standout athlete from a young age.
2. Braelon Allen played high school football at Fond du Lac High School, where he showcased his skills as a running back.
3. Braelon Allen was highly recruited by several college football programs due to his impressive performances in high school.
4. In 2021, Braelon Allen committed to playing college football for the Wisconsin Badgers, choosing them over other top programs.
5. In his first season, Braelon Allen rushed for over 1,000 yards, establishing himself as a leading player in college football.
6. Braelon Allen was named a Freshman All-American following his first season with the Wisconsin Badgers, highlighting his exceptional talent.","1. What factors contributed to Braelon Allen's lower draft position despite his strong performance during college football seasons?
2. How did Braelon Allen's production in his junior year affect his pre-draft evaluation and prospect grade?
3. In what ways has Braelon Allen showcased his skills and impact during his first two weeks of the season?
4. What recognition did Braelon Allen receive following his impressive performance in the Jets' Week 2 victory?
5. How has the combination of Braelon Allen and another player transformed the Jets' running back situation?","1. How did Braelon Allen's birth date influence his early athletic achievements in Fond du Lac, Wisconsin?
2. What specific skills did Braelon Allen demonstrate as a standout running back in high school football?
3. Which college football programs were most interested in recruiting Braelon Allen based on his high school performances?
4. How did Braelon Allen's decision-making process influence his commitment to the Wisconsin Badgers in 2021?
5. In what ways did Braelon Allen's first season performance contribute to his reputation in college football?
6. What factors led to Braelon Allen being recognized as a Freshman All-American after his debut season?"
